url,language,date,title,description,imageUrl
https://www.thenationalnews.com/world/mena/beirut-explosion-palestinian-rescuers-behind-rescue-of-man-from-rubble-1.1061384,English,2020-08-09,Beirut explosion: Palestinian rescuers behind rescue of man from rubble,The world was hoping for at least some positive news from Lebanon the day after the explosions rocked Beirut and killed more than 150 of its people.,https://thenational-the-national-prod.cdn.arcpublishing.com/resizer/tMIZhTepNTBxfADX_3pfPr76ZgY=/800x0/filters:format(jpg):quality(70)/cloudfront-eu-central-1.images.arcpublishing.com/thenational/6LWN4CSZBLHLPONZ5GJ2XR2KHM.jpg
https://religionunplugged.com/news/2020/8/13/yfx832suf9dtrtzvbyt8xyb3vhk4i8,English,2020-08-13,"Downtown Beirut Church Hit By Blast Is A Symbol Of Hope, Unity And Grit","Like the rest of Beirut’s afflicted buildings, alleys and neighborhoods, St. Elias Cathedral – standing at the heart of the city’s downtown – was severely damaged from the Aug. 4 blast of ammonium nitrate in a port that destroyed a 20-kilometer area, including hundreds of thousands of homes, injured thousands and killed more than 200 people.",https://images.squarespace-cdn.com/content/v1/586d154f03596e5605562ea7/1597325659802-4I1XWJT823XELV4FNCD8/st.+elias+cathedral+beirut+blast?format=2500w
https://religionunplugged.com/news/2020/8/17/a-lebanese-muslim-womans-experience-in-a-french-christian-community,English,2020-08-18,Countering Islamophobia With Community: A Lebanese Woman's Spiritual Retreat In France,"This time two years ago, I traveled all the way from Beirut to a small village in France to spend one month as a volunteer at Taizé Community.",https://images.squarespace-cdn.com/content/v1/586d154f03596e5605562ea7/1597694300334-LTLGQ08DMDWVTKMHJTC9/Screen+Shot+2020-08-17+at+3.57.20+PM.png?format=1000w
https://www.dw.com/en/sextortion-in-syria-young-women-support-each-other/a-55990420,English,2020-12-26,Sextortion in Syria: Young women support each other,"Like most girls her age, 19-year-old Nour was blinded by love for her boyfriend. For six months, Nour felt she was living a fairy tale until he asked her for nude pictures. ",https://static.dw.com/image/55978642_401.jpg
https://www.thenationalnews.com/world/mena/in-the-age-of-social-distancing-sudanese-open-their-homes-to-ethiopian-refugees-1.1147898,English,2021-01-19,"In the age of social distancing, Sudanese open their homes to Ethiopian refugees",Residents of border town Hamdiyet are hosting people fleeing the Tigray conflict,https://thenational-the-national-prod.cdn.arcpublishing.com/resizer/QHXR-ubTHPp1jyslNfoxnV0CWDU=/800x0/filters:format(jpg):quality(70)/cloudfront-eu-central-1.images.arcpublishing.com/thenational/ENMQKKUVB4QOFWPL5D7CFZT3FU.jpg
https://www.thenewhumanitarian.org/news-feature/2021/6/9/gaza-vicious-circle-war-truce-and-reconstruction,English,2021-06-09,"Gaza’s vicious circle of war, truce, and reconstruction","In order to avoid being hit again, Alaa Shamali made sure the new apartment he and his family moved to after their home was destroyed in the 2014 Israeli offensive wasn’t close to Gaza’s border fence with Israel.",https://assets.irinnews.org/styles/responsive_large/s3/2021-06-09t080602z_317368693_rc2wwn9hcffw_rtrmadp_3_israel-palestinians.jpg?tD_JCkHJz6IcOuwT33V3d__bSyJ_V5ZN&itok=p7WVkIq7
https://www.thenationalnews.com/mena/egypt/reeling-it-in-egypt-s-fishermen-exchange-the-nile-s-plastic-waste-for-cash-1.1242297,English,2021-06-16,Reeling it in: Egypt's fishermen exchange the Nile's plastic waste for cash,Fishermen use their boats and river knowledge to help collect tonnes of plastic waste choking Egypt's lifeline,https://thenational-the-national-prod.cdn.arcpublishing.com/resizer/LyV1naw-haUGyvl5bbXcj3CxftA=/1440x0/filters:format(jpg):quality(70)/cloudfront-eu-central-1.images.arcpublishing.com/thenational/I6LHUSHPMIVICJBJSCVUT4BBY4.jpg
https://www.dw.com/en/in-egypt-online-group-qawem-saving-hundreds-of-women-from-sextortion/a-57950634,English,2021-06-20,"In Egypt, online group Qawem saving hundreds of women from sextortion","Technology has facilitated the sexual exploitation of thousands of women in Egypt. To save others from the same destiny, a young Egyptian man launched an online group dedicated to confronting extorters.",https://static.dw.com/image/57907453_303.png
https://www.dw.com/ar/%D9%82%D8%A7%D9%88%D9%85-%D9%85%D8%A8%D8%A7%D8%AF%D8%B1%D8%A9-%D9%84%D8%AF%D8%B9%D9%85-%D9%88%D9%85%D8%B3%D8%A7%D9%86%D8%AF%D8%A9-%D8%B6%D8%AD%D8%A7%D9%8A%D8%A7-%D8%A7%D9%84%D8%A7%D8%A8%D8%AA%D8%B2%D8%A7%D8%B2-%D8%A7%D9%84%D8%AC%D9%86%D8%B3%D9%8A-%D9%81%D9%8A-%D9%85%D8%B5%D8%B1/a-57982535,Arabic,2021-06-21,"""قاوم"".. مبادرة لدعم ومساندة ضحايا الابتزاز الجنسي في مصر","مع انتشار قصص سيدات وفتيات مصريات تعرضن لابتزاز جنسي، كثفت مواقع إلكترونية جهودها لفضح المبتزين وتعقبهم، مثل صفحة ""قاوم"" التي أسسها مدير تسويق مصري ويسعى من خلالها إلى إنقاذ ضحايا الابتزاز الجنسي.",https://static.dw.com/image/57907453_303.png
https://www.dw.com/de/%C3%A4gypten-hilfe-f%C3%BCr-opfer-sexueller-erpressung/a-57983756,German,2021-06-27,Ägypten: Hilfe für Opfer sexueller Erpressung,Digitale Medien ermöglichen vieles - auch die unerwünschte Verbreitung intimer Privatfotos. Dadurch sind neue Formen der Kriminalität und sexuellen Erpressung entstanden. Eine Initiative in Ägypten hilft den Opfern.,https://static.dw.com/image/57907453_303.png
https://www.dw.com/es/la-batalla-de-libia-por-conservar-sus-bosques/a-58249793,Spanish,2021-07-13,La batalla de Libia por conservar sus bosques,"Una década de conflicto e inestabilidad en el país nordafricano no solo ha hecho mella en la población, sino también en la naturaleza. ¿Podrán los ecologistas salvar Al-Jabal al-Akhdar, un bosque rodeado de desierto?",https://static.dw.com/image/58249055_303.jpg
https://www.dw.com/ar/%D8%BA%D8%A7%D8%A8%D8%A7%D8%AA-%D8%A7%D9%84%D8%AC%D8%A8%D9%84-%D8%A7%D9%84%D8%A3%D8%AE%D8%B6%D8%B1-%D9%81%D9%8A-%D9%84%D9%8A%D8%A8%D9%8A%D8%A7-%D8%AA%D8%B5%D8%B1%D8%AE-%D9%84%D9%84%D8%AD%D9%81%D8%A7%D8%B8-%D8%B9%D9%84%D9%8A%D9%87%D8%A7/a-58253360,Arabic,2021-07-20,غابات الجبل الأخضر في ليبيا تصرخ للحفاظ عليها,"لم تقتصر خسائر سنوات من القتال والفوضى في ليبيا على حصد أرواح الليبيين وتدمير منازلهم، بل امتدت إلى الحياة البرية خاصة غابات الجبل الأخضر التي تعرضت للقطع الجائر. فهل تنجح جهود نشطاء البيئة في حماية التنوع البيولوجي؟",https://static.dw.com/image/58179688_303.jpg
https://www.dw.com/de/libyens-kampf-um-den-erhalt-seiner-w%C3%A4lder/a-58216160,German,2021-07-20,Libyens Kampf um den Erhalt seiner Wälder,"Ein Jahrzehnt voller Konflikte und Unsicherheit in dem nordafrikanischen Land hat nicht nur den Menschen, sondern auch der Natur zugesetzt. Können Umweltschützer den Wald Al-Jabal al-Akhdar in der Wüste retten?",https://static.dw.com/image/58249055_303.jpg
https://www.dw.com/en/libyas-battle-to-protect-its-endangered-forests/a-58205945,English,2021-07-20,Libya's battle to protect its endangered forests,"A decade of conflict and instability in the North African country has not only taken its toll on people but also on nature. Will environmentalists succeed in protecting Al-Jabal al-Akhdar, a forest surrounded by desert?",https://static.dw.com/image/58249055_303.jpg
https://www.thenationalnews.com/mena/2021/08/18/as-wildfires-dampen-misinformation-threatens-more-lives-in-algeria,English,2021-08-18,"In Algeria's wildfires blame game, misinformation threatens more lives","Conspiracy theories, social media rumours and the killing of a volunteer create an unsettled atmosphere",https://thenational-the-national-prod.cdn.arcpublishing.com/resizer/-cNJjiaIm1w0_SyW4IZty4OF50Y=/800x0/filters:format(jpg):quality(70)/cloudfront-eu-central-1.images.arcpublishing.com/thenational/D2UEVTXTMLRF5V336FSD5NOTNY.jpg
https://www.thenationalnews.com/mena/egypt/2021/08/30/pandemic-creates-skating-craze-in-egypt,English,2021-08-30,Pandemic creates skating craze in Egypt,Lockdown boredom leads thousands to jump on a skateboard or put their rollerblades on,https://thenational-the-national-prod.cdn.arcpublishing.com/resizer/U_IL6NEPFqqs9MiqONodSQq2tx8=/800x0/filters:format(jpg):quality(70):focal(-5x-5:5x5)/cloudfront-eu-central-1.images.arcpublishing.com/thenational/YY62I3UMVBEIVK5G27RMPEDHG4.jpg
https://www.theguardian.com/global-development/2021/sep/03/nigerias-idp-camp-midwife-bringing-joy-to-mothers-left-behind-by-state,English,2021-09-03,Delivering babies in a Nigerian camp: ‘I’ve had to use plastic bags as gloves’,"After seeing a woman die in childbirth, Liyatu Ayuba stepped in and has now delivered 118 babies in a community cut off from public health services",https://i.guim.co.uk/img/media/07f2e2800f38ec853584235257c67797a2aee705/0_0_4160_3120/master/4160.jpg?width=620&quality=45&fit=max&dpr=2&s=53b60ac77e1e920e08eb1621e793f9aa
https://www.thenationalnews.com/mena/2021/09/08/moroccan-voters-head-to-the-polls-to-decide-fate-of-ruling-islamists,English,2021-09-08,Moroccan voters head to the polls to decide fate of ruling Islamists,The moderate Islamist PJD is hoping to win a third term in power,https://thenational-the-national-prod.cdn.arcpublishing.com/resizer/GcHm5TtEsCT-TB26hQmaQb6Lk3c=/800x0/filters:format(jpg):quality(70):focal(-5x-5:5x5)/cloudfront-eu-central-1.images.arcpublishing.com/thenational/EA6DACKJOADW3KY52MRDDLLRFM.jpg
https://www.thenationalnews.com/mena/2021/09/08/first-time-voters-view-moroccos-election-with-hope,English,2021-09-08,First-time voters view Morocco's election with hope,"Voters old and young told 'The National' they want change, but calls for boycott are gaining strength",https://thenational-the-national-prod.cdn.arcpublishing.com/resizer/1jrXlL5LS23quQnMB6114XhjdmA=/800x0/filters:format(jpg):quality(70)/cloudfront-eu-central-1.images.arcpublishing.com/thenational/2U7KLUNYWPW3GOY3VP2MKBIFK4.jpg
https://www.thenewhumanitarian.org/news-feature/2021/9/9/lebanese-women-fight-period-poverty-with-eco-friendly-alternatives,English,2021-09-09,Lebanese women fight period poverty with eco-friendly alternatives,‘Our menstrual health is at risk because I cannot afford decent period products.’,https://assets.irinnews.org/s3fs-public/styles/responsive_large/public/menstrual-cup-lebanon.jpg?dgw34Pw2VKUo6HERantxd30IYdbWOO5C&itok=wcdeBnoF
https://www.euronews.com/2021/10/08/syrian-families-struggle-to-get-bread-during-wheat-crisis,English,2021-10-12,Syrian families struggle to get bread during wheat crisis ,"Qahwa, a mother of eight in eastern Syria, says she has been forced to start baking bread at home to feed her kids due to a severe wheat crisis in the country.",
https://www.thenationalnews.com/mena/2021/10/29/libyas-registered-female-voters-double-in-number-before-polls,English,2021-10-29,Armed with pamphlets: the battle to register women voters in Libya,Meet the team that helped to double women's presence on the electoral roll to 1.2 million,https://thenational-the-national-prod.cdn.arcpublishing.com/resizer/5653_BDreDmw96TnPdc3_ZiQQpw=/800x0/filters:format(jpg):quality(70)/cloudfront-eu-central-1.images.arcpublishing.com/thenational/OTLBBWLVZ4GK6RSNXV7ZLGO5K4.jpg
https://www.opendemocracy.net/en/north-africa-west-asia/egypts-desertification-is-ruining-fields-cutting-crops-and-displacing-farmers,English,2021-11-08,"Egypt’s desertification is ruining fields, cutting crops and displacing farmers","Agriculture accounts for 28% of all jobs in Egypt. With temperatures predicted to rise by 2-3% by 2050, many families will lose their livelihoods",https://cdn2.opendemocracy.net/media/images/olives2.max-760x504.jpg
https://www.opendemocracy.net/en/north-africa-west-asia/climate-change-is-killing-libyas-honey-bees,English,2021-11-11,Climate change is killing Libya’s honey bees,"Sweltering summers and cold winters as a result of climate change are hurting Libya’s traditional culture of beekeeping, and the production of its much-valued honey",https://cdn2.opendemocracy.net/media/images/3_3TS6QJt.max-760x504.jpg
https://www.thenewhumanitarian.org/news-feature/2021/11/24/Yemen-Marib-displacement-endless-cycle,English,2021-11-24,‘The war crushed our dreams’: Displaced again and again in Yemen’s Marib,"‘We couldn’t take everything, but we took our livestock and whatever we could carry.’",https://assets.irinnews.org/s3fs-public/styles/responsive_large/public/yemen-marib-shelter-building.jpg?VdyPsAAFKS7LOsNQE2DU9yasMivgOYW8&itok=I7wyhAZn
https://www.thenationalnews.com/gulf-news/2021/12/18/animals-are-the-forgotten-victims-of-crisis-in-war-torn-yemen,English,2021-12-19,Animals are the forgotten victims of crisis in war-torn Yemen,"Ataa, a group of animal lovers and a veterinarian in Sanaa, wants to raise awareness about animal cruelty and teach compassion",https://thenational-the-national-prod.cdn.arcpublishing.com/resizer/yPMVEGp-6Vgk0sSfF06OMO1szWo=/800x0/filters:format(jpg):quality(70):focal(-5x-5:5x5)/cloudfront-eu-central-1.images.arcpublishing.com/thenational/PTPQZAJGRBELBCV5AW44VTMT5U.jpg
https://www.thenationalnews.com/mena/2021/12/24/we-needed-the-vote-say-libyans-as-hopes-of-first-elected-president-crushed,English,2021-12-24,"‘We needed the vote’, say Libyans as hopes of first elected president crushed",Libya’s 2.5 million citizens had been due to choose their first elected president on December 24,https://thenational-the-national-prod.cdn.arcpublishing.com/resizer/Ppi0fJIi77HCNIQLJvUOxfh4E94=/800x0/filters:format(jpg):quality(70)/cloudfront-eu-central-1.images.arcpublishing.com/thenational/56B5CJXMYDRLQQXN7Y7I32ZXCI.jpg
https://www.africanews.com/2021/12/22/tribal-endorsements-at-the-helm-of-libya-s-politics-as-polls-near,English,2021-12-27,Tribal endorsements at the helm of Libya's politics as polls near,"Despite the postponement of Libya's both presidential and parliamentary elections which many hoped will end a long chapter of civil war, another set of votes were taking place across the country, by Libya’s tribes.",
https://www.theguardian.com/global-development/2021/dec/28/from-criminal-to-teacher-the-the-ex-gangster-tackling-crime-in-nairobi ,English,2021-12-28,From criminal to ‘teacher’: the ex-gangster tackling crime in Nairobi,"One of the city’s most wanted, Peter Wainaina was given a second chance and used it to turn his life around and help others find different path out of poverty",https://i.guim.co.uk/img/media/d9e55cd489063391ac67a717f1c88f30b3740aaf/32_3_1015_609/master/1015.jpg?width=620&quality=45&fit=max&dpr=2&s=619f11ff605311ecbdf1afe44291c2ee
https://womensmediacenter.com/women-under-siege/the-war-in-yemen-spurs-surprising-challenges-to-traditional-gender-roles,English,2022-01-04,The War in Yemen Spurs Surprising Challenges to Traditional Gender Roles,"Talee’a Salem, 33, roams the streets of Yemen’s southern city of Aden everyday in her silver minivan delivering all sorts of products — and people.",https://womensmediacenter.com/assets/site/main/_600xAUTO_crop_center-center_none/Image-1.jpg
https://www.thenationalnews.com/coronavirus/2022/01/22/public-fears-thwart-algerias-covid-vaccination-drive,English,2022-01-22,Public fears thwart Algeria’s Covid vaccination drive,Millions of doses lie unused amid exaggerated concerns about side effects spread through social media,https://thenational-the-national-prod.cdn.arcpublishing.com/resizer/x0J1cCQ4Te-tOsGPpqx3a6T-J00=/800x0/filters:format(jpg):quality(70)/cloudfront-eu-central-1.images.arcpublishing.com/thenational/QQF3HYVIMFAQLDR5CWNTGEUQDM.jpg
https://www.euronews.com/green/2022/01/24/how-the-largest-mooring-system-in-the-world-is-saving-egypt-s-corals,English,2022-01-24,How the largest mooring system in the world is saving Egypt’s corals,"When Hesham Zaghloul began his career as a diving instructor in Egypt’s Red Sea resorts in the 1990s, the tourist influx was only just starting to pick up momentum.",https://static.euronews.com/articles/stories/06/40/27/78/808x608_cmsv2_81c87cff-c98c-5cfe-8e3a-759a83eb57fe-6402778.jpg
https://www.thenationalnews.com/mena/2022/01/28/snow-in-libya-sparks-joy-for-children-off-school-and-adults-in-search-of-fun,English,2022-01-28,Snow in Libya sparks joy for children off school and adults in search of fun,"Schools are suspended in Al Bayda, leaving children free to enjoy the snow",https://thenational-the-national-prod.cdn.arcpublishing.com/resizer/ls9rmhst3GAJ57A4zqiltXJJyug=/800x0/filters:format(jpg):quality(70)/cloudfront-eu-central-1.images.arcpublishing.com/thenational/53ZJDL7QLRGIZNLGRO3FCD5XYI.jpg
https://www.thenationalnews.com/mena/egypt/2022/02/04/world-cancer-day-2022-natural-hair-wigs-give-egypts-child-cancer-sufferers-new-hope,English,2022-02-04,Natural hair wigs give Egypt’s child sufferers new hope on World Cancer Day 2022,Dire need of wigs for children undergoing chemotherapy,https://thenational-the-national-prod.cdn.arcpublishing.com/resizer/8xTST5Mh4OHNk6cT1RprJeVMkW8=/800x0/filters:format(jpg):quality(70):focal(618x239:628x249)/cloudfront-eu-central-1.images.arcpublishing.com/thenational/O6ZNYXRKNBDXBNOGYVGARBOPRQ.jpg
https://www.thenationalnews.com/mena/2022/02/06/death-of-rayan-5-crushes-hearts-in-morocco,English,2022-02-06,"Death of Rayan, 5, crushes hearts in Morocco",Nation stunned after anxiously following massive rescue attempt that lasted five days,https://thenational-the-national-prod.cdn.arcpublishing.com/resizer/_Jk0Z56i2Sima6v48RGqz02FoC8=/800x0/filters:format(jpg):quality(70)/cloudfront-eu-central-1.images.arcpublishing.com/thenational/3GBKEFQXWQZGJNKTQJMSPTT4IM.jpg
https://www.thenewhumanitarian.org/news-feature/2022/03/08/how-yemeni-parents-are-banding-together-keep-their-kids-school,English,2022-03-08,How Yemeni parents are banding together to keep their kids in school,‘Teachers’ living conditions have plummeted.’,https://assets.irinnews.org/styles/responsive_large/s3/node262337.jpeg?Khj898QwaGnZrKlD9_e9A4VvKkAfMAvj&itok=BpdUnx7X
https://www.okayafrica.com/african-literature-book-club-sokoto,English,2022-04-06,How This Nigerian Book Club is Spreading Joy through Literature,The founders of Book O'clock in Sokoto aim to share their love of African books in a part of Nigeria where an appreciation of literature isn't often encouraged.,https://www.okayafrica.com/media-library/an-image-of-people-sitting-in-a-circle-having-a-book-club-meeting.jpg?id=29360933&width=2000&quality=85&coordinates=0%2C0%2C38%2C0&height=1500
https://www.opendemocracy.net/en/5050/nigeria-abuja-moms-facebook-group-charity,English,2022-04-06,The Nigerian moms’ Facebook group that helps thousands of impoverished women,Abuja Moms: The empowering story of how women are helping other women to fight gender violence and poverty in Nigeria’s capital,https://cdn2.opendemocracy.net/media/images/Happiness_Ochi-Ani_from_Abuja_Moms.max-760x504.jpg
https://www.thenationalnews.com/mena/syria/2022/04/13/field-kitchens-become-a-staple-of-ramadan-in-syria-as-poverty-rises,English,2022-04-13,Field kitchens become a staple of Ramadan in Syria as poverty rises,More than a decade of war has driven millions into poverty,https://thenational-the-national-prod.cdn.arcpublishing.com/resizer/HMf3jBI1_My9Im9OOxyUsI3pthk=/800x0/filters:format(jpg):quality(70)/cloudfront-eu-central-1.images.arcpublishing.com/thenational/5W5GXY7ZRH2XAS6UDTWXYVEPM4.jpg
https://www.theguardian.com/global-development/2022/apr/15/rebuilding-nablus-the-brothers-bringing-life-to-ancient-palestine-streets,English,2022-04-15,Rebuilding Nablus: the family bringing life to ancient Palestinian streets,Time in prison for protesting against Israel’s occupation inspired Basel and Abdalrahman Kittana to revive parts of their neglected and damaged home town,https://i.guim.co.uk/img/media/d8dc0b0f8c2311b0e679ab47312806b88c20c795/0_533_7952_4771/master/7952.jpg?width=1900&quality=45&fit=max&dpr=2&s=6a45c2c62ed1f325c50f9d01ad2440aa
https://www.theguardian.com/global-development/2022/apr/21/meet-edris-the-big-yellow-school-bus-that-roams-yemens-refugee-camps,English,2022-04-21,"Meet Edris, the big yellow school bus that roams Yemen’s refugee camps",Mobile classrooms are crossing deserts to reach some of the two million Yemeni children missing school due to the civil war,https://i.guim.co.uk/img/media/fd6e43930c1b17ba5368c298f76230817aa803cf/57_74_1143_686/master/1143.jpg?width=620&quality=45&fit=max&dpr=2&s=926aee3ad711616bbd6f4fc60dc620cf
https://lesglorieuses.fr/passport-control,English,2022-04-25,Passport control: how Yemeni women won the right to travel without a man’s permission,"Manal Al-Shar’oubi was one step away from her dream to begin her masters in law abroad. Having secured a scholarship to study in Canada, she was full of excitement as she headed to the immigration office in Taiz, in Yemen’s southwest, to apply for a passport.",https://i2.createsend1.com/ei/d/B1/C83/3F9/190504/csfinal/LG-ImpactNewsletterCollage-MSKApril2022-990000079e04513c.jpg
https://www.euronews.com/green/2022/05/02/a-mangrove-revolution-how-egypt-is-prioritising-climate-projects-in-the-run-up-to-cop27,English,2022-05-02,A mangrove revolution: How Egypt is prioritising climate projects in the run-up to COP27,"Mangroves, nature’s defenders against beach erosion, used to grow naturally in 28 sites along Egypt’s Red Sea coasts. “Because of human intervention, their spread shrunk to around 500 metres only at each location,” says Dr Oman Ghali",https://static.euronews.com/articles/stories/06/66/54/90/1280x719_cmsv2_33b72fa7-07c5-58d1-bbf0-040f70837101-6665490.jpg
https://www.csmonitor.com/World/Africa/2022/0510/Young-Nigerians-are-tackling-the-stigma-of-mental-health,English,2022-05-10,Young Nigerians are tackling the stigma of mental health,Elizabeth Ita speaks at the 2022 Children's Health Mental Week. Held simultaneously across three southeastern states in Nigeria.,https://images.csmonitor.com/csm/2022/05/0503-MENTALHEALTH-ElizabethIta.jpg?alias=standard_900x600nc
https://www.thenewhumanitarian.org/news-feature/2022/05/24/How-one-small-Syrian-NGO-is-tackling-period-poverty-one-pad-at-a-time,English,2022-05-24,"How one small Syrian NGO is tackling period poverty, one pad at a time",‘I had to choose between buying food and pads.’,https://assets.irinnews.org/s3fs-public/styles/responsive_large/public/period_poverty1.jpg?KJGh1tcRxxCnzcqjC07vQ31eTu96cNOo&itok=AEZcfW8G
https://english.alarabiya.net/features/2022/06/13/Female-only-transport-trips-for-Egypt-s-women-bring-change-amidst-inequality,English,2022-06-13,Female-only transport trips for Egypt’s women bring change amidst inequality,"When Shima Fikry’s husband died in July 2018, the then 37-year-old grieving widow suddenly became the key breadwinner for her three children in her rural hometown of Zagazig, Sharkia governorate, some 82 kilometers to the northeast of Egypt’s capital, Cairo.",https://vid.alarabiya.net/images/2022/06/13/435da8d1-8426-44c8-923d-78671b3f01c7/435da8d1-8426-44c8-923d-78671b3f01c7_16x9_1200x676.jpg?width=801&format=jpg
https://reasonstobecheerful.world/traditional-chiefs-eradicate-polio-nigeria-cross-river,English,2022-06-24,How One Nigerian State Overcame Vaccine Hesitancy and Eradicated Polio,"As much of Nigeria struggles to contain a polio outbreak, traditional leaders in Cross River have made sure their local constituents embrace the vaccine.",https://reasonstobecheerful.world/wp-content/uploads/2022/06/Copy-of-2-1-e1655408034348-756x500.jpg
https://www.opendemocracy.net/en/5050/tanzania-ngorongoro-maasai-eviction-murder-trial,English,2022-07-08,Tanzania is using murder charges to get nomadic Maasai off their homelands,Violence accompanies plans to expand a wildlife reserve at the expense of traditional grazing lands,https://cdn2.opendemocracy.net/media/images/BPXK7N.max-760x504.jpg
https://nextcity.org/urbanist-news/facing-an-energy-crisis-a-syrian-engineer-designed-electric-tuk-tuks,English,2022-07-11,"Facing an Energy Crisis, a Syrian Engineer Designed Electric Tuk-Tuks","The electric-powered tuk-tuks are a hit among university students, many of whom had stopped attending classes due to the exorbitant costs of cabs.",https://nextcity.org/images/made/electric_tuktuks_3_920_690_80.jpeg
https://edition.cnn.com/2022/07/13/africa/rwanda-skin-whitening-ban-as-equals-intl-cmd/index.html ,English,2022-07-13,"Rwanda made the sale of skin whitening products a crime. It's working, but underground market persists",Sierra asks to use a pseudonym for fear of being caught by the authorities. The 27-year-old shopkeeper explains that she can't maintain her seven-year skin lightening routine because a ban has made the products unaffordable.,https://cdn.cnn.com/cnnnext/dam/assets/220711111539-05-rwanda-skin-whitening-as-equals-super-169.jpg
https://www.theguardian.com/global-development/2022/jul/18/botswana-mother-baby-transmission-hiv-rates-fall-who,English,2022-07-18,‘A bright life ahead’: Botswana on path to seeing no babies born with HIV,Country may be Africa’s first to stop mother-baby transmission as WHO hails ‘groundbreaking’ fall in rates from 40% to 1%,https://i.guim.co.uk/img/media/6710d21ae963739fc241209f1f870f7f69a7ff17/0_362_4954_2973/master/4954.jpg?width=620&quality=45&fit=max&dpr=2&s=3c29ebc9a248f1f31a9858b5c7efd123
,
https://nextcity.org/urbanist-news/creating-green-spaces-amid-kenyas-largest-dumpsite-dandora,English,2022-08-03,Creating Green Spaces Amid Kenya’s Largest Dumpsite,,https://nextcity.org/images/made/Republic_spaces_network_600_350_s_c1_920_536_80.jpg
https://www.csmonitor.com/Daily/2022/20220804?cmpid=ema:ddp:20220804:1148078:hed&sfmc_sub=214840287#1148078,English,2022-08-04,How Egypt gets leftover food in the hands of hungry people,,https://images.csmonitor.com/csm/2022/08/0803%20FOODWASTE%20food.jpg?alias=original_1200
https://www.positive.news/lifestyle/arts/its-therapeutic-the-kiosk-helping-war-torn-syria-reconnect-with-literature/,English,2022-08-09,‘Syrians need this’: the kiosk helping a war-torn nation reconnect with literature,,https://www.positive.news/wp-content/uploads/2022/08/Image-6-min-1800x0-c-center.jpg
https://www.thenationalnews.com/mena/egypt/2022/09/04/designer-burkini-makes-waves-and-changes-attitudes-at-egypts-luxury-resorts/,English,2022-09-04,Designer burkini makes waves and changes attitudes at Egypt’s luxury resorts,,https://thenational-the-national-prod.cdn.arcpublishing.com/resizer/CLObyIWhtiN-wbl8-HPwN5fewdA=/800x0/filters:format(jpg):quality(70)/cloudfront-eu-central-1.images.arcpublishing.com/thenational/USEHJKEC45GI5JFGZ2FAPTRO3Y.JPG
https://www.thenewhumanitarian.org/news/2022/09/06/Iraq-wheat-farmers-climate-change-conflict,English,2022-09-06,"Climate change leaves Iraq’s ‘breadbasket’ with less water, wheat, and farmers",,https://assets.thenewhumanitarian.org/s3fs-public/styles/responsive_small/public/iraq-food3.jpg.webp?itok=ByyiLOOp
https://www.thenationalnews.com/mena/2022/09/11/for-benghazi-residents-2012-attack-on-us-compound-started-citys-descent-into-violence/,English,2022-09-11,"For Benghazi residents, 2012 attack on US compound started city's descent into violence",,https://thenational-the-national-prod.cdn.arcpublishing.com/resizer/sj4xM1hL7nA3doja0JmNP_se1hg=/800x0/filters:format(jpg):quality(70):focal(1315x781:1325x791)/cloudfront-eu-central-1.images.arcpublishing.com/thenational/YQKNANFPUREMXL4GXTMWJ4HNXU.jpg
https://www.thenationalnews.com/gulf-news/2022/09/13/yemeni-women-celebrate-countrys-shift-towards-gender-equality/,English,2022-09-13,Yemeni women celebrate country's shift towards gender equality,,https://thenational-the-national-prod.cdn.arcpublishing.com/resizer/9KzzEQwhlfm1UpYZ1YFifum9RYU=/800x0/filters:format(jpg):quality(70)/cloudfront-eu-central-1.images.arcpublishing.com/thenational/LSGLZOLKJNF53BQWIMOUE7KLWQ.jpg
https://qz.com/technology-is-changing-the-face-of-farming-in-egypt-1849504460,English,2022-09-15,Technology is changing the face of farming in Egypt,,"https://i.kinja-img.com/image/upload/c_fit,q_60,w_1600/aa0f8765b967aac5ead6b6edbe2b8fdc.jpg"
https://www.thenationalnews.com/weekend/2022/09/23/how-citizen-patrols-are-saving-syrias-forests-from-another-season-of-wildfires/,English,2022-09-23,How citizen patrols are saving Syria’s forests from another season of wildfires,,https://thenational-the-national-prod.cdn.arcpublishing.com/resizer/71JYXigrIm7m8RGJSW01TPs_sXY=/800x0/filters:format(jpg):quality(70)/cloudfront-eu-central-1.images.arcpublishing.com/thenational/7JGJNV6QUVGBVBACMSFQLEVUSQ.jpg
https://nextcity.org/urbanist-news/ecobarter-nigeria-the-recycling-app-that-supports-displaced-women1,English,2022-09-27,The Recycling App That Supports Displaced Women,,https://nextcity.org/images/made/ecobarter_app_1_920_690_80.jpeg
https://nextcity.org/features/a-jordanian-collective-works-toward-food-sovereignty-through-urban-farming,English,2022-10-11,A Jordanian Collective Works Toward Food Sovereignty Through Urban Farming,,https://nextcity.org/images/made/al_barakeh_jordan_3_1400_933_80.jpeg
https://religionunplugged.com/news/2022/10/17/the-story-of-irans-struggle-from-an-iranian-exile,English,2022-10-17,The Story Of Iran’s Struggle From An Iranian In Exile,,https://images.squarespace-cdn.com/content/v1/586d154f03596e5605562ea7/4ce5594c-445f-476c-8c83-fcb016407068/Amir_Kabir_University_uprising_September_2022_%283%29.jpeg?format=750w
https://www.thenationalnews.com/gulf-news/2022/10/19/saudi-arabia-steps-in-to-separate-conjoined-twins-amid-collapse-of-yemens-health-system/,English,2022-10-19,Saudi Arabia steps in to separate conjoined twins amid collapse of Yemen’s health system,,https://thenational-the-national-prod.cdn.arcpublishing.com/resizer/7skpVBlsvd8mCoxVIr4ouFuC830=/800x0/filters:format(jpg):quality(70)/cloudfront-eu-central-1.images.arcpublishing.com/thenational/MVMDA2L6SRGHTEFEH5Z3UT26XY.jpg
https://www.thecontinent.org/_files/ugd/287178_22b114793a664c2d9a56a2352c84bd08.pdf,English,2022-10-29,Saving Somalia’s beaches,,
https://qz.com/rising-costs-are-leading-to-the-rise-of-buy-now-pay-lat-1849504472,English,2022-12-07,Rising costs are leading to the rise of buy now pay later plans in Egypt,,"https://i.kinja-img.com/image/upload/c_fit,q_60,w_1600/93a86483130bb75060be0fdd0f0e58b5.jpg"
https://alserkal.online/words/what-did-we-gain-at-cop27,English,2022-12-11,What did we gain at COP27?,,https://alserkal.online/static/4b975da5bbe834be0a32fdfde82f5f48/56d94/COP271550X850.png
https://www.thenationalnews.com/mena/2022/12/20/ravaged-by-drought-moroccans-turn-to-deeper-solar-powered-wells/,English,2022-12-20,"Ravaged by drought, Moroccans turn to deeper, solar-powered wells",,https://thenational-the-national-prod.cdn.arcpublishing.com/resizer/NXRJJET3BzygwKFFUkoykVO_WN8=/800x0/filters:format(jpg):quality(70)/cloudfront-eu-central-1.images.arcpublishing.com/thenational/FOE4MK6F5NDL5EK7CAJKW664EM
https://www.theguardian.com/global-development/2022/dec/23/hospital-and-a-home-uganda-shelters-offer-a-lifeline-to-cancer-patients,English,2022-12-23,Hospital and a home: Uganda shelters offer a lifeline to cancer patients,,https://i.guim.co.uk/img/media/12b0408d8359765874eba48dab33763e429a1d89/0_0_5472_3283/master/5472.jpg?width=620&dpr=1&s=none
https://www.csmonitor.com/World/Africa/2023/0105/How-a-beach-opens-doors-for-Egyptians-with-limited-vision,English,2023-01-05,How a beach opens doors for Egyptians with limited vision,,https://images.csmonitor.com/csm/2022/12/1207%20EGYPTPOOLS%20beach.jpg?alias=standard_900x600nc
https://www.thenewhumanitarian.org/news-feature/2023/02/13/Syrian-earthquake-aid,English,2023-02-13,‘I couldn’t just stand by’: Syrians step up with earthquake aid despite pressures,,https://assets.thenewhumanitarian.org/s3fs-public/styles/responsive_large/public/2023-02/Syria-earthquake-aid.jpg.webp?itok=k4-3avOs
https://www.thenationalnews.com/mena/2023/02/09/egypts-tiny-blue-butterfly-makes-a-comeback-from-near-extinction-thanks-to-covid-19/,English,2023-02-14,Egypt’s tiny blue butterfly makes a comeback from near extinction thanks to Covid-19,,https://thenational-the-national-prod.cdn.arcpublishing.com/resizer/Tx8YXp88RE5BnuMDxpqDeVPvXmI=/800x0/filters:format(jpg):quality(70)/cloudfront-eu-central-1.images.arcpublishing.com/thenational/GDZB7H36MFEDNGCEBKPKRWRJKE.jpg
https://themessenger.com/grid/ramadan-fashion-hits-the-runways-muslim-women-say-its-been-a-long-time-coming,English,2023-03-03,Ramadan fashion hits the runways. Muslim women say it’s been a long time coming.,,https://s.yimg.com/ny/api/res/1.2/n73vMK6ThvsGOkPBJP_Y8w--/YXBwaWQ9aGlnaGxhbmRlcjt3PTIwNDg7aD0xMjc2O2NmPXdlYnA-/https://media.zenfs.com/en-US/homerun/quartz.com/db3b868575399672808fb12f90918c7b
https://www.thenewhumanitarian.org/news-feature/2023/04/03/yemen-aid-gap-displaced-people,English,2023-04-03,How aid gaps are leaving Yemen’s displaced to fend for themselves,,https://assets.thenewhumanitarian.org/s3fs-public/styles/responsive_large/public/2023-04/tents-sailat-al-rumaila-camp-yemen.jpg.webp?itok=v0_yZaft
https://www.thenationalnews.com/mena/2023/04/20/threatened-turtles-find-refuge-in-war-torn-libya/,English,2023-04-20,Threatened turtles find refuge in war-torn Libya,,https://thenational-the-national-prod.cdn.arcpublishing.com/resizer/lZFEviv5QJfjPDA6WWvQ0-Q69_g=/800x0/filters:format(jpg):quality(70):focal(1921x1799:1931x1809)/cloudfront-eu-central-1.images.arcpublishing.com/thenational/2ZE5FSZITBHLVDJIJPWZFDGTUA.jpg
https://www.thenationalnews.com/mena/syria/2023/05/10/how-young-syrians-are-helping-to-regrow-forests-ravaged-by-war/,English,2023-05-10,How young Syrians are helping to regrow forests ravaged by war,,https://thenational-the-national-prod.cdn.arcpublishing.com/resizer/4sX_b0R6g1IBBYXxgzjXOrA18ik=/800x0/filters:format(jpg):quality(70)/cloudfront-eu-central-1.images.arcpublishing.com/thenational/557GXKZZPZEQHJTISS6WRJVI6U.jpg
https://theferret.scot/how-a-nigerian-ngo-is-pushing-back-against-period/,English,2023-05-30,How a Nigerian NGO is pushing back against period stigma…one boy at a time,,https://ez9mxwef6ut.exactdn.com/wp-content/uploads/2023/05/Period_cover-380x280.jpeg?strip=all&lossy=0&ssl=1
https://www.thenationalnews.com/mena/egypt/2023/07/18/can-egypt-recycle-a-way-out-from-under-its-notorious-black-cloud/,English,2023-07-18,Can Egypt recycle a way out from under its notorious black cloud?,,https://thenational-the-national-prod.cdn.arcpublishing.com/resizer/9_Hv3NanX4GdKq4FY0KWh9bv_oc=/800x0/filters:format(jpg):quality(70)/cloudfront-eu-central-1.images.arcpublishing.com/thenational/GURAW3D5LJAELL74BSQ6WUYIFI.jpg
https://www.thenationalnews.com/mena/2023/07/20/world-cup-women-morocco/,English,2023-07-20,Moroccan women are making World Cup history – and it's not just the players,,https://thenational-the-national-prod.cdn.arcpublishing.com/resizer/IRqmXXCctUZAJmqaZBQZ6JZsZiI=/800x0/filters:format(jpg):quality(70)/cloudfront-eu-central-1.images.arcpublishing.com/thenational/AMOQGYV6UGXVBX5OM6SXECXFPI.jpg
https://www.csmonitor.com/World/Africa/2023/0801/These-garden-towers-are-helping-Kenyans-rise-above-hunger,English,2023-08-01,These garden towers are helping Kenyans rise above hunger,,https://images.csmonitor.com/csm/2023/08/0801%20KENYAGARDEN%20LEDE.jpg?alias=standard_900x600nc
https://www.positive.news/society/yemen-best-team-sports-club/,English,2023-08-16,The sports movement spreading positivity in war-torn Yemen,,https://www.positive.news/wp-content/uploads/2023/08/1200-%C3%97-800px-69-e1692113313937-1800x0-c-center.jpg
https://www.theguardian.com/global-development/2023/sep/01/lebanon-refugee-children-return-to-learning,English,2023-09-01,‘As important as oxygen’: Lebanon refugee children return to learning,,https://i.guim.co.uk/img/media/6b357ac9b5d8e59c764b22556d6aac5e3843b845/0_0_6393_3836/master/6393.jpg?width=620&dpr=1&s=none
https://www.euronews.com/green/2023/09/02/libya-and-jordan-how-big-a-solution-is-hydroponics-in-two-of-the-worlds-driest-countries,English,2023-09-02,Libya and Jordan: How big a solution is hydroponics in two of the world's driest countries?,,https://static.euronews.com/articles/stories/07/86/34/12/1920x1080_cmsv2_f9f1bc1a-6897-5377-9c6b-d87da25f6908-7863412.jpg
https://www.thenationalnews.com/mena/2023/09/08/mediterraneans-waves-may-hold-key-to-moroccos-clean-energy-future/,English,2023-09-08,Mediterranean's waves may hold key to Morocco’s clean energy future,,https://thenational-the-national-prod.cdn.arcpublishing.com/resizer/Sdy3ESIoKprOGAGjwm7_bqo7apc=/800x0/filters:format(jpg):quality(70)/cloudfront-eu-central-1.images.arcpublishing.com/thenational/QPXW566C7FEQRP3JDXZW3L4QVE.jpg
https://www.thenationalnews.com/mena/2023/09/09/moroccans-rush-to-marrakesh-to-help-victims-of-earthquake/,English,2023-09-09,Moroccans rush to Marrakesh to help victims of earthquake,,https://thenational-the-national-prod.cdn.arcpublishing.com/resizer/5J4fCKAOPBZmqOfokGZUZVkW_DI=/800x0/filters:format(jpg):quality(70)/cloudfront-eu-central-1.images.arcpublishing.com/thenational/KFRQ3L5PDQ27BKSPE6EPFGUFR4.jpg
https://www.thenationalnews.com/mena/2023/09/10/morocco-earthquake-marrakesh-residents-lament-loss-of-priceless-heritage/,English,2023-09-10,Morocco earthquake: Marrakesh residents lament loss of priceless heritage,,https://thenational-the-national-prod.cdn.arcpublishing.com/resizer/4iAEfNsF8HdjuD5-mGsoLhIFOek=/800x0/filters:format(jpg):quality(70)/cloudfront-eu-central-1.images.arcpublishing.com/thenational/URYMFVDUEH5KYFXCXGVGSAZGKE.jpg
https://www.thenationalnews.com/mena/2023/09/14/far-from-libyas-devastated-derna-one-forgotten-community-desperately-awaits-aid/,English,2023-09-14,"Far from Libya's devastated Derna, one forgotten community desperately awaits aid",,https://thenational-the-national-prod.cdn.arcpublishing.com/resizer/Yfi9fb8qH38m6OpYeDSBNOCErSQ=/800x0/filters:format(jpg):quality(70)/cloudfront-eu-central-1.images.arcpublishing.com/thenational/H6BYUXCJP77RCICKL6E3U756UI.jpg
https://www.thenationalnews.com/mena/2023/09/15/libyans-hold-feuding-governments-responsible-for-flood-deaths-and-devastation/,English,2023-09-15,Libyans hold feuding governments responsible for flood deaths and devastation,,https://thenational-the-national-prod.cdn.arcpublishing.com/resizer/nyG06LVu6D8huJCIti0BX3Nawbg=/800x0/filters:format(jpg):quality(70)/cloudfront-eu-central-1.images.arcpublishing.com/thenational/VZZJ7QL2NPPJI7HZ2UKPRFLRKQ.jpg
https://www.thenewhumanitarian.org/news/2023/09/15/Libyans-band-together-help-flooding-catastrophe,English,2023-09-15,Libyans band together to help however they can after flooding catastrophe,,https://assets.thenewhumanitarian.org/s3fs-public/styles/responsive_large/public/2023-09/Storm-Daniel-Libya-Derna.jpg.webp?itok=SWfFRBxE
https://www.theguardian.com/global-development/2023/sep/16/libyan-reporters-floods-journalists-storm,English,2023-09-16,"‘Towns were erased’: Libyan reporters on the ‘horrifying, harrowing’ aftermath of floods",,https://i.guim.co.uk/img/media/1543bd0289445b644f95d512cdb190aecc2ca943/0_0_4032_3024/master/4032.jpg?width=1300&dpr=1&s=none
https://www.thenationalnews.com/mena/2023/09/17/morocco-struggles-to-shelter-tens-of-thousands-of-homeless-after-earthquake/,English,2023-09-17,Morocco struggles to shelter tens of thousands of homeless after earthquake,,https://thenational-the-national-prod.cdn.arcpublishing.com/resizer/2emizg947ivxFhjlNBdbhvcHDmo=/800x0/filters:format(jpg):quality(70)/cloudfront-eu-central-1.images.arcpublishing.com/thenational/2W7VMBJKG3HQINLT5E5EFPBQUM.jpg
https://www.aljazeera.com/news/2023/9/18/the-libyan-journalists-providing-information-in-chaos,English,2023-09-18,The Libyan journalists providing information in chaos,,https://www.aljazeera.com/wp-content/uploads/2023/09/AP23260557395866-1695034834.jpg?resize=770%2C513&quality=80
https://www.thenationalnews.com/mena/2023/09/18/libya-floods-divers-derna-dead/,English,2023-09-18,Libya floods: Divers searching for dead off Derna say hardest part is 'what we see',,https://thenational-the-national-prod.cdn.arcpublishing.com/resizer/IjazJ_-QtloqC3UX4RAReJoQF0o=/800x0/filters:format(jpg):quality(70)/cloudfront-eu-central-1.images.arcpublishing.com/thenational/ZTLEOZJLQBBYBKCY6PXAM3OAUM.jpg
https://www.thenationalnews.com/weekend/2023/09/29/from-one-disabled-person-to-another-learning-tools-are-growing-in-the-arab-world/,English,2023-09-29,"From one disabled person to another, learning tools are growing in the Arab world",,https://thenational-the-national-prod.cdn.arcpublishing.com/resizer/-rwM81HOAux3PtZyFijIKja31VY=/800x0/filters:format(jpg):quality(70)/cloudfront-eu-central-1.images.arcpublishing.com/thenational/5Y65NLH2WFFH3A4T7YTHBFWEVY.jpg
https://www.aljazeera.com/features/2023/10/10/the-libyan-divers-facing-daily-horror-to-retrieve-dernas-dead,English,2023-10-10,The Libyan divers facing daily horror to retrieve Derna’s dead,,https://www.aljazeera.com/wp-content/uploads/2023/10/20-1-1696598521.jpg?resize=770%2C513&quality=80
https://www.thenewhumanitarian.org/news/2023/10/12/israeli-bombardment-humanitarian-catastrophe-gaza-palestine,English,2023-10-12,"Under Israeli bombardment, a humanitarian catastrophe in Gaza gathers pace",,https://assets.thenewhumanitarian.org/s3fs-public/styles/responsive_large/public/2023-10/header-gaza-strip.JPG.webp?itok=0VbbQ0Wy
https://www.aljazeera.com/features/2023/10/16/how-palestinians-in-gaza-soothe-their-terrified-children-amid-israeli-raids,English,2023-10-16,"Games, YouTube, hugs: How Gaza mothers calm terrified kids amid Israel war",,https://www.aljazeera.com/wp-content/uploads/2023/10/2022-08-18T080505Z_1329099482_RC2VSV9K2Y4V_RTRMADP_3_ISRAEL-PALESTINIANS-GAZA-TRAUMA-1697376094.jpg?resize=770%2C513&quality=80
https://www.thenewhumanitarian.org/news-feature/2023/10/26/lebanon-crises-last-thing-people-want-another-war,English,2023-10-26,"In a Lebanon battered by crises, the last thing people want is another war",,https://assets.thenewhumanitarian.org/s3fs-public/styles/responsive_large/public/2023-10/header-lebanon-palestine.jpg.webp?itok=aMWAwbYv
https://www.aljazeera.com/news/2023/10/30/never-seen-such-atrocities-palestinian-reporters-recount-war-horrors,English,2023-10-30,‘Never seen such atrocities’: Palestine reporters recount Israel war horror,,https://www.aljazeera.com/wp-content/uploads/2023/10/60714536_10218918315459055_6781969298454740992_n-1-1698047538.jpg?resize=770%2C513&quality=80
https://www.aljazeera.com/features/2023/11/1/ill-walk-again-hope-for-injured-palestinians-crossing-into-egypt,English,2023-11-01,‘I’ll walk again’: Hope for injured Palestinians crossing into Egypt,,https://www.aljazeera.com/wp-content/uploads/2023/11/2023-11-01T150832Z_1955838645_RC2E44AIDJHR_RTRMADP_3_ISRAEL-PALESTINIANS-EGYPT-GAZA-INJURED-1698858879.jpg?resize=770%2C513&quality=80
https://www.thenewhumanitarian.org/news-feature/2023/11/01/inside-gaza-nasser-hospital-healthcare-workers-trauma-burnout,English,2023-11-01,"Inside Gaza’s Nasser Hospital, healthcare workers suffer trauma, burnout, and loss",,https://assets.thenewhumanitarian.org/s3fs-public/styles/responsive_large/public/2023-11/header-nasser-medical-center.jpg.webp?itok=kCdJby3h
https://www.thenewhumanitarian.org/news-feature/2023/11/02/young-morocco-earthquake-survivors-psychological-healing?utm_content=buffer89de0&utm_medium=social&utm_source=twitter.com&utm_campaign=buffer,English,2023-11-02,Rising from the rubble: A path to healing for young Morocco earthquake survivors,,https://assets.thenewhumanitarian.org/s3fs-public/styles/responsive_large/public/2023-11/HEADER-MOROCCO-QUAKE.JPG.webp?itok=UJMmRkib
https://www.thenewhumanitarian.org/news-feature/2023/11/07/gaza-how-do-we-escape-slow-death-starvation,English,2023-11-07,Gaza: ‘How do we escape the slow death of starvation?’,,https://assets.thenewhumanitarian.org/s3fs-public/styles/responsive_large/public/2023-11/header-gaza-bakery-palestine.JPG.webp?itok=HIsFu2Ks
https://www.thenationalnews.com/mena/palestine-israel/2023/11/09/gaza-ice-cream-shop-children,English,2023-11-09,Ice cream shop gives war-torn Gaza's children a taste of joy amid gloom,,https://thenational-the-national-prod.cdn.arcpublishing.com/resizer/UnicHDjAYrh0SEjn9Sg6RjD1V7A=/800x0/filters:format(jpg):quality(70)/cloudfront-eu-central-1.images.arcpublishing.com/thenational/54GWSP7E6VHRVAQZDC7H4W2HMI.JPG
https://www.theguardian.com/global-development/2023/nov/09/africans-dreams-of-starting-a-new-life-in-europe-turn-to-nightmare-in-tunisia,English,2023-11-09,Africans’ dreams of starting a new life in Europe turn to nightmare in Tunisia,,https://i.guim.co.uk/img/media/b75d1529ac7866b99e398856e3a3d726747f86e5/0_0_5808_3485/master/5808.jpg?width=620&dpr=1&s=none
https://reasonstobecheerful.world/morocco-earthquake-digital-database-relief-efforts/,English,2023-11-14,How an Interactive Database Brought Earthquake Relief to Off-the-Map Villages,,https://reasonstobecheerful.world/wp-content/uploads/2023/11/20230915_154353-1-1110x500.jpg
https://www.thenewhumanitarian.org/news-feature/2023/11/15/overrun-shelters-gaza-disease-risks-forced-displacement,English,2023-11-15,"Overrun shelters in Gaza become disease risks, as forced flight continues",,https://assets.thenewhumanitarian.org/s3fs-public/styles/responsive_large/public/2023-11/4.jpeg.webp?itok=vwe_cJgq
https://www.thenationalnews.com/mena/palestine-israel/2023/11/17/west-bank-jenin-ibn-sina-hospital-raids/,English,2023-11-17,Palestinians cuffed and blindfolded in Jenin as Israel steps up violent West Bank raids,,https://thenational-the-national-prod.cdn.arcpublishing.com/resizer/DC5r3mZIs2nUzVolWFYg-Pjgzzc=/800x0/filters:format(jpg):quality(70)/cloudfront-eu-central-1.images.arcpublishing.com/thenational/5QPSGMW6QPM6ORCDDGQRAFEU6Q.jpg
https://www.thenationalnews.com/mena/palestine-israel/2023/11/18/gaza-shops-money-un/,English,2023-11-18,Gazans set up makeshift stalls to serve displaced Palestinians in crowded shelters,,https://thenational-the-national-prod.cdn.arcpublishing.com/resizer/6SSAsoyHvXup0SiqpdjxyBuilu4=/800x0/filters:format(jpg):quality(70)/cloudfront-eu-central-1.images.arcpublishing.com/thenational/CXJASZQSIRCI7EHOGO7HJ4MX6U.jpg
"https://www.aljazeera.com/features/2023/11/19/boycott-israel-breathes-new-life-into-100-year-old-egyptian-soda-brand#:~:text=Cairo%2C%20Egypt%20%E2%80%93%20Spiro%20Spathis%2C,life%20for%20generations%20of%20Egyptians.",English,2023-11-19,‘Boycott Israel’ breathes new life into 100-year-old Egyptian soda brand,,https://www.aljazeera.com/wp-content/uploads/2023/11/image-1700387370.jpg?resize=770%2C513&quality=80
https://www.thenationalnews.com/mena/2023/11/20/bogeyman-initiative-confronts-online-bullying-and-spreads-awareness-on-mental-health/,English,2023-11-20,Bogeyman' initiative confronts online bullying and spreads awareness on mental health,,https://thenational-the-national-prod.cdn.arcpublishing.com/resizer/H2unBkPy5-CtujlH_vqBpnW6jII=/800x0/filters:format(jpg):quality(70)/cloudfront-eu-central-1.images.arcpublishing.com/thenational/CGJHRQOYZNEA3LBEX6PA4X3NIY.jpg
https://www.thenationalnews.com/mena/palestine-israel/2023/11/21/gaza-displaced-solidarity/,English,2023-11-21,Gazans open their homes to displaced families in show of solidarity,,https://thenational-the-national-prod.cdn.arcpublishing.com/resizer/lTCyxZBKpEi-sxaoVI7a4sDlYLo=/800x0/filters:format(jpg):quality(70)/cloudfront-eu-central-1.images.arcpublishing.com/thenational/3SURIB33ZZCCTMYSPQVDAAJ3VM.jpg
https://www.theguardian.com/global-development/2023/nov/21/months-after-deadly-floods-in-libya-migrants-families-still-await-news-of-the-missing,English,2023-11-21,"Months after deadly floods in Libya, migrants’ families still await news of the missing",,https://i.guim.co.uk/img/media/d1a206d0a4a7a8142f5499b412cd52f13f7c7f3f/606_621_5223_3134/master/5223.jpg?width=1300&dpr=1&s=none
https://www.thenewhumanitarian.org/news-feature/2023/11/22/humanitarian-pause-promises-little-respite-gaza-residents,English,2023-11-22,Pause promises little humanitarian respite for Gaza’s battered residents,,https://assets.thenewhumanitarian.org/s3fs-public/styles/responsive_large/public/2023-11/HEADER-PALESTINE-GAZA-COOKING-FIREWOOD-KHAN-YOUNIS.JPG.webp?itok=IxJw8MdK
https://www.thenationalnews.com/mena/2023/11/23/go-home-bury-their-dead-or-make-bread-what-gazans-would-do-during-a-truce/,English,2023-11-23,"Go home, bury their dead or make bread: What Gazans would do during a truce",,https://thenational-the-national-prod.cdn.arcpublishing.com/resizer/yOwOqK76W3X4WUoUgZ_4zVz5jB4=/800x0/filters:format(jpg):quality(70)/cloudfront-eu-central-1.images.arcpublishing.com/thenational/4T6QGXHB7POTL5WORTJFDZ54P4.jpg
https://www.aljazeera.com/features/2023/11/26/one-minute-to-say-goodbye-to-a-father-son-husband-hussein-abu-jamei,English,2023-11-26,"‘One minute to say goodbye’ to a dad, son, husband Israel killed in Gaza",,https://www.aljazeera.com/wp-content/uploads/2023/11/Hussein-Mohammed-Abu-Jamei-0-1700940042.jpg?resize=720%2C513&quality=80
https://www.thenationalnews.com/weekend/2023/12/01/three-months-after-storm-daniel-what-happened-to-libyas-flood-damaged-heritage-sites/,English,2023-12-01,"Three months after Storm Daniel, what happened to Libya’s flood-damaged heritage sites?",,https://thenational-the-national-prod.cdn.arcpublishing.com/resizer/167Mb0voxeKVug3oeAQSbBk6yJI=/800x0/filters:format(jpg):quality(70)/cloudfront-eu-central-1.images.arcpublishing.com/thenational/JFNDQLTKGV64RDHYKKL4UFWBUA.jpg
https://www.thenationalnews.com/weekend/2023/12/01/albinos-in-cameroon-battle-prejudice-with-beauty-pageants-and-social-media/,English,2023-12-01,https://www.thenationalnews.com/weekend/2023/12/01/albinos-in-cameroon-battle-prejudice-with-beauty-pageants-and-social-media/,,https://thenational-the-national-prod.cdn.arcpublishing.com/resizer/W-Fve_YD47-Ag5o9hwmhvwzWzOI=/800x0/filters:format(jpg):quality(70)/cloudfront-eu-central-1.images.arcpublishing.com/thenational/6CJVWJE5SJG57N42IMIHLFD2QA.jpg
https://www.theguardian.com/global-development/2023/dec/03/almost-400000-palestinians-have-lost-jobs-due-to-war-report-says,English,2023-12-03,"Almost 400,000 Palestinians have lost jobs due to war, report says",,https://i.guim.co.uk/img/media/95b43f524a79b8c139c3d378a706f6d272fe015f/0_374_5616_3370/master/5616.jpg?width=620&dpr=1&s=none
https://www.thenationalnews.com/mena/palestine-israel/2023/12/06/khan-younis-gaza-attack/?outputType=amp,English,2023-12-06,Khan Younis attack: Gaza families shelter in school bathrooms and X-ray rooms,,https://thenational-the-national-prod.cdn.arcpublishing.com/resizer/xRFRlnH_k-XDulHJQsdq_okIhNM=/800x0/filters:format(jpg):quality(70)/cloudfront-eu-central-1.images.arcpublishing.com/thenational/C45VVNY535A23BRWL7RZSOAQUA.jpg
https://www.thenewhumanitarian.org/news/2023/12/06/expanding-israeli-assault-grinds-gaza-aid-efforts-halt,English,2023-12-06,Expanding Israeli assault grinds Gaza aid efforts to a halt,,https://assets.thenewhumanitarian.org/s3fs-public/styles/responsive_large/public/2023-12/KHAN-YOUNIS-SRAEL-PALESTINIANS.JPG.webp?itok=3huXA0zE
https://www.thenationalnews.com/mena/2023/12/07/gaza-unlivable-two-months-into-israels-devastating-war/,English,2023-12-07,Gaza 'unlivable' two months into Israel's devastating war,,https://thenational-the-national-prod.cdn.arcpublishing.com/resizer/lz5VeCRzNUXmIbRcgytj3S3VHXA=/800x0/filters:format(jpg):quality(70)/cloudfront-eu-central-1.images.arcpublishing.com/thenational/RXVYTLF7V5CBTIYS2CGLQECZGU.jpg
https://qz.com/tens-of-thousands-of-palestinians-in-gaza-are-staying-c-1851078107,English,2023-12-07,Tens of thousands of Palestinians in Gaza are staying connected to the world via donated eSIMs,,"https://i.kinja-img.com/image/upload/c_fit,q_60,w_1600/a86434faebef868c9e13330983d2c7d4.jpg"
https://www.thenationalnews.com/mena/palestine-israel/2023/12/08/wounded-child-no-surviving-family-the-plight-of-gazas-traumatised-orphans/,English,2023-12-08,"Wounded child, no surviving family': The plight of Gaza's traumatised orphans",,https://thenational-the-national-prod.cdn.arcpublishing.com/resizer/FabqD8cA-WiSRZu9Xbrd2NDX2yU=/800x0/filters:format(jpg):quality(70)/cloudfront-eu-central-1.images.arcpublishing.com/thenational/3YRYAQF6OOZX5U3YYXKVQNGAPQ.jpg
https://www.thenationalnews.com/mena/palestine-israel/2023/12/09/survivors-of-relentless-gaza-bombardment-fear-a-silent-killer-hunger/,English,2023-12-09,Hunger: Survivors of relentless Gaza bombardment fear silent killer,,https://thenational-the-national-prod.cdn.arcpublishing.com/resizer/jg_IxYZGNPWGOXE_ytUNlsur2dI=/800x0/filters:format(jpg):quality(70)/cloudfront-eu-central-1.images.arcpublishing.com/thenational/UNKFJKV2Z3VAKOF6CIZ624ORNE.jpg
https://www.thenationalnews.com/mena/palestine-israel/2023/12/11/gaza-first-responders-medics/,English,2023-12-11,Exhausted first responders vow to keep saving lives in Gaza,,https://thenational-the-national-prod.cdn.arcpublishing.com/resizer/EmXEfO7zBEZtTjrMSam2P18myBM=/800x0/filters:format(jpg):quality(70)/cloudfront-eu-central-1.images.arcpublishing.com/thenational/5XZFQNA62KDSPPSXC345KTLKHA.jpg
https://www.theguardian.com/global-development/2023/dec/13/no-protein-in-late-pregnancy-battling-dietary-myths-in-south-sudan,English,2023-12-13,‘No protein please’: battling dietary myths in South Sudan,,https://i.guim.co.uk/img/media/cda8f25e30e0021f1cffa6384375c2f20187a876/0_243_4050_2430/master/4050.jpg?width=620&dpr=1&s=none
https://www.thenationalnews.com/mena/palestine-israel/2023/12/14/thousands-of-wounded-gazans-pray-for-chance-of-life-saving-treatment-abroad/,English,2023-12-14,Thousands of wounded Gazans pray for chance of life-saving treatment abroad,,https://thenational-the-national-prod.cdn.arcpublishing.com/resizer/jcEP5gNsS9nQUCp8q8C23sEJR7s=/800x0/filters:format(jpg):quality(70):focal(652x375:662x385)/cloudfront-eu-central-1.images.arcpublishing.com/thenational/WBGHQYOBT5SBI2NY73GLC5XEDI.jpg
https://www.thenationalnews.com/mena/palestine-israel/2023/12/15/floods-in-gaza-worsen-grim-conditions-for-refugees-in-tent-cities/,English,2023-12-15,Floods in Gaza worsen grim conditions for refugees in tent cities,,https://thenational-the-national-prod.cdn.arcpublishing.com/resizer/nZKLMhs4-so1K4Fch6RCRNXpGn4=/800x0/filters:format(jpg):quality(70)/cloudfront-eu-central-1.images.arcpublishing.com/thenational/UU2FNATDFWGZMGLF5ZZ5K37KBA.jpg
https://www.thenationalnews.com/mena/palestine-israel/2023/12/18/gaza-dialysis-patients-hospital/,English,2023-12-18,My life depends on dialysis' Gaza's dialysis patients left fighting for their lives,,https://thenational-the-national-prod.cdn.arcpublishing.com/resizer/84dnDu7L0veKc3cBA1Ii1q0HV_I=/800x0/filters:format(jpg):quality(70)/cloudfront-eu-central-1.images.arcpublishing.com/thenational/TLEZFRMTDZHEBAH2IS7R4QLLVI.jpg
https://www.thenationalnews.com/mena/2023/12/18/as-temperatures-dip-moroccan-earthquake-survivors-say-eco-camps-are-not-enough/,English,2023-12-18,"As temperatures dip, Moroccan earthquake survivors say eco-camps are not enough",,https://thenational-the-national-prod.cdn.arcpublishing.com/resizer/O52UW3ey1j1X9XP1uH5_nOMlkTE=/800x0/filters:format(jpg):quality(70)/cloudfront-eu-central-1.images.arcpublishing.com/thenational/3Q7Z7G3D4FCHJFK5DXSOZ56RVE.jpg
https://www.thenewhumanitarian.org/news-feature/2023/12/19/gaza-war-israel-west-bank-economic-security,English,2023-12-19,"As the Gaza war dominates, Israeli actions tip the West Bank into an economic and security crisis",,https://assets.thenewhumanitarian.org/s3fs-public/styles/responsive_large/public/2023-12/header-west-bank-israel_0.JPG.webp?itok=Pr0yyBkn
https://www.thenationalnews.com/arts-culture/film-tv/2023/12/19/egyptian-arabic-movie-subtitles-cinema-deaf-silent-films-hearing-impaired/,English,2023-12-19,Challenge facing Arab streaming service which offers free silent films in sign language,,https://thenational-the-national-prod.cdn.arcpublishing.com/resizer/25XgYI4TD_Q1ApfpIyug2T9yN7U=/800x0/filters:format(jpg):quality(70)/cloudfront-eu-central-1.images.arcpublishing.com/thenational/JCXLMSKEFRESRDVBAELN47XYOM.jpg
https://www.euronews.com/green/2023/12/20/rivers-of-sewage-dirty-water-and-toxic-air-the-environmental-disaster-unfolding-in-gaza,English,2023-12-20,"Rivers of sewage, dirty water and toxic air: The environmental disaster unfolding in Gaza",,https://static.euronews.com/articles/stories/08/12/20/22/1920x1080_cmsv2_de18cb17-6893-5b6e-b1b3-0cb8b2934d15-8122022.jpg
https://www.thenationalnews.com/mena/2023/12/21/gaza-displaced-home/,English,2023-12-21,Gazans pay a heavy price for the 'dream of going home' to Khan Younis,,https://thenational-the-national-prod.cdn.arcpublishing.com/resizer/LYalge8j-eerYn-elDXkwjU0aNs=/800x0/filters:format(jpg):quality(70)/cloudfront-eu-central-1.images.arcpublishing.com/thenational/CMRHGZXV26PJ3WYYQF2T3K4TLI.jpg
https://www.thenewhumanitarian.org/news-feature/2023/12/21/gaza-nasser-hospital-after-eleven-weeks-war,English,2023-12-21,"Revisiting Gaza’s Nasser Hospital, after 11 weeks of war",,https://assets.thenewhumanitarian.org/s3fs-public/styles/responsive_large/public/2023-12/nasser-hospital-gaza-header.jpg.webp?itok=A7WL2Ufx
https://www.thenationalnews.com/mena/2023/12/22/moroccan-activists-fighting-child-marriage-to-offer-girls-a-brighter-future/,English,2023-12-22,Moroccan activists fighting child marriage to offer girls a brighter future,,https://thenational-the-national-prod.cdn.arcpublishing.com/resizer/w0YPhhjLvnoMnK1yAj-mmsIQGMA=/800x0/filters:format(jpg):quality(70)/cloudfront-eu-central-1.images.arcpublishing.com/thenational/NBTQ3P2NMJBEPHE2WEBQ4ND2L4.jpg
https://www.thenationalnews.com/mena/palestine-israel/2023/12/23/israels-war-in-gaza-leaves-hundreds-of-women-widowed-without-support/,English,2023-12-23,Israel's war in Gaza leaves hundreds of women widowed without support,,https://thenational-the-national-prod.cdn.arcpublishing.com/resizer/vsjp4Fxz-Y6z8Io_S7e8XVdM_aY=/800x0/filters:format(jpg):quality(70):focal(2875x2280:2885x2290)/cloudfront-eu-central-1.images.arcpublishing.com/thenational/Z3J6K7ZG6LEF4JEIWOC65KWU3M.jpg
https://www.thenationalnews.com/mena/palestine-israel/2023/12/25/palestinian-paramedic-recounts-torture-during-17-days-of-detention-by-israeli-army/,English,2023-12-25,Palestinian paramedic recounts torture during 17 days of detention by Israeli army,,https://thenational-the-national-prod.cdn.arcpublishing.com/resizer/YzGZ6TMhmpKwzEZRA45xslOMQFI=/800x0/filters:format(jpg):quality(70)/cloudfront-eu-central-1.images.arcpublishing.com/thenational/AWKCTJOVJBDHLKZ3MZOSAN54ZI.JPE
https://www.thenationalnews.com/gulf-news/2023/12/29/yemen-road-paves-way-to-safety-for-neglected-rural-communities/,English,2023-12-29,Yemen road paves way to safety for neglected rural communities,,https://thenational-the-national-prod.cdn.arcpublishing.com/resizer/zZnr-ZXlPVtmlL97eofxTIaagpM=/800x0/filters:format(jpg):quality(70)/cloudfront-eu-central-1.images.arcpublishing.com/thenational/QYA5VKZALJCA5LVMJOP5XCJVKI.jpg
https://www.thenationalnews.com/world/2024/01/01/gaza-tech-volunteers-help-locals-re-connect-with-family-amid-chaos-of-war/,English,2024-01-01,Gaza tech volunteers help locals reconnect with family amid chaos of war,,https://thenational-the-national-prod.cdn.arcpublishing.com/resizer/vPdOenD9idnQBCurV7CCbznxbQk=/800x0/filters:format(jpg):quality(70)/cloudfront-eu-central-1.images.arcpublishing.com/thenational/P5SOS2VNKFAK7H6ZBYDWETDRRA.jpg
https://www.thenationalnews.com/mena/2024/01/13/gaza-families-forced-to-sleep-in-lorries-as-winter-temperatures-drop/,English,2024-01-13,"Gaza families forced to sleep in lorries as winter temperatures drop","The Safi family have little to shield them from the cold nights as temperatures drop in Al Mawasi, a small part of Gaza that has been declared a so-called ""safe zone"" by Israel.",https://thenational-the-national-prod.cdn.arcpublishing.com/resizer/v2/WUFV53AXYVG6FDYKNKUBDJ5Q7U.jpg?smart=true&auth=9f0d984c7b19ca2029006c0eb6dda2f257faf1e34658c5629ab7e7535aaf17d1&width=1000&height=750
https://www.thenationalnews.com/mena/2024/01/13/amazigh-new-year-celebrated-officially-for-first-time-in-morocco/,English,2024-01-13,"Amazigh New Year celebrated officially for first time in Morocco
","For decades, Morocco’s indigenous Amazigh communities celebrated their new year, observed on January 13, unofficially among family and friends.",https://d27020bajtkr6c.cloudfront.net/01-13-2024/t_64965d59c7b644aaad64c47a676baf91_name_Ajial_Souss_band_performs_at_a_concert_celebrating_Amazigh_new_year_in_the_city_of_Agadir_on_January_9__2024_Photo_by_Elkhalil_Elomari.jpeg
https://www.thenationalnews.com/world/2024/01/16/displaced-gazans-see-brief-respite-in-national-football-teams-match/,English,2024-01-16,"Displaced Gazans see brief respite in national football team's match
","Displaced men with no access to TV followed the game through WhatsApp groups, sharing updates. Mohamed Souleimane / The National
",https://thenational-the-national-prod.cdn.arcpublishing.com/resizer/v2/F6UVCZ3VAVGJFDQ57IMPTHY7AQ.jpg?smart=true&auth=b449a33e548f9ffe3cff44111f0b8181504eee95844fccd87bfb6a3616c8e6bc&width=1000&height=750
https://www.thenationalnews.com/mena/palestine-israel/2024/01/17/gazas-charity-kitchens-struggle-with-dwindling-supplies-and-rising-costs/,English,2024-01-17,"Gaza's charity kitchens struggle with dwindling supplies and rising costs
","Tekeyas in Gaza rely on donations from abroad and humanitarian aid to provide hot meals for thousands of displaced families. Photo: Mohamed Solaimane
",https://thenational-the-national-prod.cdn.arcpublishing.com/resizer/v2/7Z5455UX3FH3PBO3KK6Y4Y5A2A.jpg?smart=true&auth=7b82a278456fde1ba9f8d315d02865425ba6c2014e19f94271b8d69e62679571&width=1000&height=533
https://www.thenewhumanitarian.org/interview/2024/01/25/palestine-gaza-people-vox-pop-remember-time-before-war,English,2024-01-25,"People in Gaza remember a time before the war, and plead for it to end
","The biggest challenge is continuing life. Every detail, small or big, is a challenge and obstacle.",https://assets.thenewhumanitarian.org/s3fs-public/styles/responsive_large/public/2024-01/gaza-vox-pop-header.jpg.webp?itok=rwrnW2H0
https://www.thenewhumanitarian.org/news-feature/2024/01/31/israel-palestine-gaza-al-mawasi-ground-fighting-reaches-safe-zones,English,2024-01-31,Ground fighting reaches one of Gaza’s last supposed ‘safe zones’ ,Where should we go? Fly to the sky or drown in the sea?,https://assets.thenewhumanitarian.org/s3fs-public/styles/responsive_large/public/2024-01/header-almalwasi.jpg.webp?itok=ONIumkWi
https://www.thenationalnews.com/mena/palestine-israel/2024/02/03/as-inhumane-as-it-gets-fleeing-gazans-seek-refuge-in-empty-chicken-coops/,English,2024-02-03,As inhumane as it gets': Fleeing Gazans seek refuge in empty chicken coops,"More than 40 members of the Yamani family live in an empty turkey shed in Al Mawasi
",https://thenational-the-national-prod.cdn.arcpublishing.com/resizer/v2/NU22QSV2ARFEJFVXLEXTA7BZTI.jpg?smart=true&auth=273f3a7138fffecd1693c0f0200949e2d5b999214a4e08a7fb337f6700faf82c&width=1000&height=750
https://www.thenewhumanitarian.org/news-feature/2024/02/07/sudan-war-digital-money-online-banking-apps,English,2024-02-07,"Digital money apps become a lifeline for war-affected Sudanese
","‘I only realised their value when my money and belongings were stolen right in front of my eyes.’

",https://assets.thenewhumanitarian.org/s3fs-public/styles/responsive_large/public/2024-02/header-somalia-fintech.jpg.webp?itok=kl_y5S7Q
https://www.thenewhumanitarian.org/2024/02/12/inside-siege-gaza-largest-remaining-hospital-nasser-khan-younis,English,2024-02-12,"Inside the siege on Gaza’s largest remaining hospital
","‘Israeli snipers are everywhere, shooting people in the corridors of the hospital and the entrance.’

",https://assets.thenewhumanitarian.org/s3fs-public/styles/responsive_large/public/2024-02/nasser-hospital-inside-12-feb-2024.jpg.webp?itok=bEeMRh_n
https://www.positive.news/society/para-cyclists-aid-displaced-people-gaza/,English,2024-02-14,"The para-cyclists delivering aid to displaced Gazans against all odds
","A symbol of human resilience, Gaza’s para-cyclists ride through bombsites delivering aid to displaced people",https://www.positive.news/wp-content/uploads/2024/02/1200-%C3%97-800px-9-1800x0-c-center.jpg
https://www.aljazeera.com/news/2024/2/17/how-the-songbirds-of-rafah-help-palestinians-cope-with-the-terror-of-war,English,2024-02-17,"How the songbirds of Rafah help Palestinians cope with the terror of war
","Canaries, lovebirds and goldfinches are muffling the sounds of Israel’s terrifying bombardment of Gaza with their songs.

",https://www.aljazeera.com/wp-content/uploads/2024/02/Gaza_s-birds-1-1707387857.jpg?resize=770%2C513&quality=80
https://www.thenewhumanitarian.org/opinion/first-person/2024/02/20/sudan-war-sudanese-journalist-describes-horror-she-cannot-cover,English,2024-02-20,"A Sudanese journalist describes the horrors of a war she cannot cover
","‘Will I survive? Will I emerge unscathed? If I am killed, will I be buried, or will my body be left on the streets for the dogs to eat?’

",https://assets.thenewhumanitarian.org/s3fs-public/styles/responsive_large/public/2024-02/header-sudan-drone-khartoum.jpg.webp?itok=IuLF5PgE
https://www.thenationalnews.com/mena/2024/02/21/red-sea-attacks-depriving-yemeni-fishermen-of-their-livelihood/?utm_source=whatsapp&utm_medium=socialsharebtn,English,2024-02-21,"Red Sea attacks depriving Yemeni fishermen of their livelihood
",Fishermen told to stay close to shore as international warships seek to stop Houthis from hitting commercial vessels,https://d27020bajtkr6c.cloudfront.net/02-16-2024/t_7c68e57f87a945c1954f661dbd7ea451_name_Yemen_Still_6.jpg
https://www.thenewhumanitarian.org/news-feature/2024/02/21/turkish-airstrikes-northeast-syria-leave-millions-short-power-fuel-and,English,2024-02-21,"Turkish airstrikes in northeast Syria leave millions short of power, fuel, and water
","‘The escalation threatens to destabilise an already volatile region, which is sheltering hundreds of thousands of internally displaced people from across Syria.’
",https://assets.thenewhumanitarian.org/s3fs-public/styles/responsive_large/public/2024-02/syria-conflict-oil-header.jpg.webp?itok=TP2zY-ZW
https://www.thenewhumanitarian.org/video/2024/02/27/snapshots-palestinian-photographer-captures-life-under-bombardment-gaza,English,2024-02-27,"Snapshots: Palestinian journalists capture life under bombardment in Gaza
","Despite the risks, the journalists continue to try to keep the spotlight on the suffering of Palestinian civilians.

",https://assets.thenewhumanitarian.org/s3fs-public/styles/responsive_large/public/2024-02/gaza-snapshots-27-02-2024.jpg.webp?itok=1FdeGtPy
